Time :	6.12.2021	 || 	10:1
ADC_CH : 0	VCM [V]=0.6	Fs [MHz]=1
PCB:A1.0	||||	ADC Test results :  
data Integrity : OK
N sample	VIN_DIF [uV]	ADC_OUT_0	ADC_OUT_1	ADC_OUT_2
0	-1008000	8	7	6
1	-1007015	7	7	7
2	-1006030	10	10	9
3	-1005045	10	9	10
4	-1004060	11	11	12
5	-1003075	14	14	14
6	-1002090	12	14	14
7	-1001106	15	14	14
8	-1000121	14	15	16
9	-999136	15	16	18
10	-998151	18	18	17
11	-997166	17	18	18
12	-996181	18	18	19
13	-995196	21	20	20
14	-994212	20	22	23
15	-993227	22	22	22
16	-992242	24	23	23
17	-991257	23	24	25
18	-990272	26	25	25
19	-989287	27	27	26
20	-988302	27	28	27
21	-987318	27	28	29
22	-986333	29	28	29
23	-985348	31	30	30
24	-984363	31	31	31
25	-983378	32	31	32
26	-982393	32	32	32
27	-981408	33	34	35
28	-980424	35	34	34
29	-979439	35	35	36
30	-978454	37	38	39
31	-977469	39	39	38
32	-976484	39	38	38
33	-975499	41	42	41
34	-974514	42	42	43
35	-973530	43	42	41
36	-972545	43	42	42
37	-971560	45	45	45
38	-970575	44	45	46
39	-969590	45	46	46
40	-968605	46	46	47
41	-967620	48	48	48
42	-966636	48	49	50
43	-965651	51	50	51
44	-964666	51	51	51
45	-963681	51	51	51
46	-962696	52	52	52
47	-961711	52	53	54
48	-960726	55	55	55
49	-959742	55	55	56
50	-958757	58	58	58
51	-957772	58	59	59
52	-956787	59	60	59
53	-955802	60	60	60
54	-954817	60	60	61
55	-953832	63	61	61
56	-952848	62	63	63
57	-951863	62	64	64
58	-950878	66	65	65
59	-949893	66	66	65
60	-948908	68	68	67
61	-947923	67	68	69
62	-946938	69	68	69
63	-945954	71	71	71
64	-944969	71	73	73
65	-943984	72	71	71
66	-942999	73	74	74
67	-942014	74	74	75
68	-941029	75	75	75
69	-940044	76	76	75
70	-939060	78	77	76
71	-938075	79	79	78
72	-937090	79	80	80
73	-936105	81	81	81
74	-935120	79	80	80
75	-934135	81	81	80
76	-933150	83	83	83
77	-932166	84	82	83
78	-931181	84	84	83
79	-930196	87	87	86
80	-929211	86	87	88
81	-928226	88	87	86
82	-927241	88	89	89
83	-926256	90	89	89
84	-925272	91	92	91
85	-924287	92	92	92
86	-923302	94	94	94
87	-922317	93	93	93
88	-921332	94	94	93
89	-920347	96	96	96
90	-919362	97	98	98
91	-918378	98	98	97
92	-917393	99	100	100
93	-916408	100	99	99
94	-915423	100	101	101
95	-914438	102	102	102
96	-913453	103	102	102
97	-912468	103	103	103
98	-911484	104	105	106
99	-910499	107	107	107
100	-909514	108	107	107
101	-908529	107	107	107
102	-907544	109	110	110
103	-906559	110	109	109
104	-905574	110	112	112
105	-904590	112	111	111
106	-903605	113	112	112
107	-902620	112	114	114
108	-901635	114	114	114
109	-900650	117	115	115
110	-899665	117	117	117
111	-898680	118	118	118
112	-897696	117	118	118
113	-896711	119	119	120
114	-895726	120	121	121
115	-894741	120	120	122
116	-893756	123	124	124
117	-892771	124	123	123
118	-891787	124	123	124
119	-890802	125	126	126
120	-889817	126	128	128
121	-888832	128	128	127
122	-887847	130	129	128
123	-886862	130	130	130
124	-885877	130	130	132
125	-884893	131	130	130
126	-883908	133	131	131
127	-882923	133	132	133
128	-881938	134	134	135
129	-880953	136	136	136
130	-879968	136	136	136
131	-878983	138	138	139
132	-877999	137	139	139
133	-877014	139	139	140
134	-876029	142	142	141
135	-875044	142	142	141
136	-874059	143	142	142
137	-873074	143	143	143
138	-872089	145	145	144
139	-871105	146	146	145
140	-870120	148	147	147
141	-869135	148	147	147
142	-868150	148	148	148
143	-867165	150	149	150
144	-866180	151	151	151
145	-865195	151	151	151
146	-864211	151	151	152
147	-863226	155	153	152
148	-862241	154	154	153
149	-861256	155	155	154
150	-860271	156	155	156
151	-859286	156	156	156
152	-858301	158	158	158
153	-857317	160	159	158
154	-856332	160	160	159
155	-855347	162	160	160
156	-854362	162	163	163
157	-853377	164	163	163
158	-852392	164	165	165
159	-851407	165	165	165
160	-850423	167	167	167
161	-849438	167	168	168
162	-848453	168	169	169
163	-847468	169	170	170
164	-846483	169	170	172
165	-845498	172	171	171
166	-844513	173	172	172
167	-843529	175	174	174
168	-842544	174	174	176
169	-841559	176	175	175
170	-840574	177	176	176
171	-839589	178	177	177
172	-838604	177	178	179
173	-837619	178	179	180
174	-836635	180	179	180
175	-835650	181	180	180
176	-834665	182	182	181
177	-833680	183	183	182
178	-832695	183	183	183
179	-831710	184	185	184
180	-830725	186	186	186
181	-829741	188	187	186
182	-828756	188	189	189
183	-827771	190	190	189
184	-826786	190	191	190
185	-825801	191	192	191
186	-824816	192	193	193
187	-823831	193	193	192
188	-822847	195	194	194
189	-821862	195	195	194
190	-820877	196	197	197
191	-819892	198	197	196
192	-818907	198	198	198
193	-817922	199	199	200
194	-816937	201	201	201
195	-815953	201	201	201
196	-814968	202	201	202
197	-813983	203	203	204
198	-812998	203	203	204
199	-812013	206	205	205
200	-811028	206	206	206
201	-810043	208	208	208
202	-809059	209	209	209
203	-808074	209	210	210
204	-807089	209	211	211
205	-806104	211	212	210
206	-805119	212	213	213
207	-804134	213	212	213
208	-803149	215	214	213
209	-802165	215	215	214
210	-801180	216	216	215
211	-800195	216	216	217
212	-799210	218	219	218
213	-798225	220	219	218
214	-797240	219	220	221
215	-796255	222	222	221
216	-795271	221	221	222
217	-794286	223	222	222
218	-793301	224	224	223
219	-792316	224	225	225
220	-791331	226	225	225
221	-790346	226	226	225
222	-789361	228	228	228
223	-788377	229	229	230
224	-787392	229	230	230
225	-786407	230	231	231
226	-785422	232	232	233
227	-784437	233	233	232
228	-783452	233	233	234
229	-782468	236	236	236
230	-781483	235	235	235
231	-780498	237	236	237
232	-779513	239	239	238
233	-778528	240	239	240
234	-777543	240	240	239
235	-776558	241	241	241
236	-775574	241	243	243
237	-774589	243	243	242
238	-773604	243	243	244
239	-772619	245	245	244
240	-771634	246	245	245
241	-770649	247	247	246
242	-769664	247	247	248
243	-768680	249	248	248
244	-767695	250	250	250
245	-766710	250	250	251
246	-765725	252	252	252
247	-764740	252	253	253
248	-763755	253	252	253
249	-762770	254	254	254
250	-761786	257	257	256
251	-760801	256	256	256
252	-759816	258	258	258
253	-758831	258	259	259
254	-757846	260	259	259
255	-756861	261	260	261
256	-755876	261	262	262
257	-754892	264	264	263
258	-753907	264	264	264
259	-752922	264	265	265
260	-751937	265	265	265
261	-750952	267	267	268
262	-749967	268	268	268
263	-748982	268	268	269
264	-747998	271	271	269
265	-747013	270	271	270
266	-746028	273	273	272
267	-745043	273	272	272
268	-744058	275	275	274
269	-743073	275	275	274
270	-742088	276	275	276
271	-741104	277	278	277
272	-740119	278	278	277
273	-739134	278	279	280
274	-738149	279	280	281
275	-737164	281	280	281
276	-736179	282	282	281
277	-735194	281	282	282
278	-734210	283	283	283
279	-733225	284	284	285
280	-732240	286	285	285
281	-731255	286	287	287
282	-730270	287	287	287
283	-729285	289	289	288
284	-728300	290	290	290
285	-727316	290	291	291
286	-726331	291	291	292
287	-725346	293	293	293
288	-724361	294	294	293
289	-723376	294	295	295
290	-722391	295	296	295
291	-721406	296	297	297
292	-720422	297	297	296
293	-719437	298	299	299
294	-718452	300	300	299
295	-717467	301	301	300
296	-716482	302	302	301
297	-715497	302	302	303
298	-714512	304	304	303
299	-713528	304	305	304
300	-712543	307	306	306
301	-711558	307	307	307
302	-710573	307	307	308
303	-709588	307	308	309
304	-708603	310	310	310
305	-707618	312	311	311
306	-706634	312	312	312
307	-705649	312	313	314
308	-704664	313	313	314
309	-703679	314	314	314
310	-702694	315	315	314
311	-701709	317	316	315
312	-700724	318	318	318
313	-699740	318	318	318
314	-698755	319	320	320
315	-697770	321	322	321
316	-696785	322	320	321
317	-695800	322	322	323
318	-694815	322	323	324
319	-693830	324	324	324
320	-692846	325	325	324
321	-691861	326	326	326
322	-690876	327	328	328
323	-689891	329	328	328
324	-688906	329	329	328
325	-687921	330	330	330
326	-686936	332	332	332
327	-685952	332	332	333
328	-684967	333	334	333
329	-683982	334	334	334
330	-682997	336	336	337
331	-682012	336	336	336
332	-681027	338	337	337
333	-680042	339	339	337
334	-679058	340	340	339
335	-678073	340	339	340
336	-677088	342	341	341
337	-676103	343	343	343
338	-675118	345	344	343
339	-674133	345	344	344
340	-673148	345	345	346
341	-672164	347	347	346
342	-671179	346	347	347
343	-670194	349	348	348
344	-669209	349	348	349
345	-668224	350	350	350
346	-667239	352	351	351
347	-666255	352	352	352
348	-665270	354	353	353
349	-664285	353	353	354
350	-663300	354	354	354
351	-662315	356	356	355
352	-661330	358	358	357
353	-660345	358	358	358
354	-659361	359	359	358
355	-658376	359	360	359
356	-657391	360	360	361
357	-656406	362	361	361
358	-655421	363	363	363
359	-654436	365	363	363
360	-653451	365	365	365
361	-652467	367	367	366
362	-651482	366	366	367
363	-650497	369	369	369
364	-649512	369	369	369
365	-648527	370	370	369
366	-647542	371	370	370
367	-646557	372	373	372
368	-645573	374	374	374
369	-644588	375	374	374
370	-643603	376	375	375
371	-642618	375	376	376
372	-641633	377	377	377
373	-640648	379	379	379
374	-639663	380	380	380
375	-638679	381	380	379
376	-637694	382	382	381
377	-636709	383	382	382
378	-635724	384	382	382
379	-634739	384	384	384
380	-633754	384	385	384
381	-632769	385	385	385
382	-631785	387	387	386
383	-630800	387	388	388
384	-629815	388	388	388
385	-628830	390	389	389
386	-627845	391	391	390
387	-626860	393	392	391
388	-625875	392	393	394
389	-624891	394	394	395
390	-623906	395	395	395
391	-622921	396	395	395
392	-621936	396	396	396
393	-620951	398	397	398
394	-619966	399	399	399
395	-618981	400	400	400
396	-617997	402	402	401
397	-617012	401	402	402
398	-616027	402	402	403
399	-615042	404	404	404
400	-614057	406	405	405
401	-613072	406	405	405
402	-612087	408	407	408
403	-611103	408	409	409
404	-610118	408	408	409
405	-609133	411	410	410
406	-608148	412	412	411
407	-607163	412	412	412
408	-606178	414	413	413
409	-605193	414	414	414
410	-604209	415	414	414
411	-603224	418	417	416
412	-602239	417	416	416
413	-601254	418	417	417
414	-600269	419	419	419
415	-599284	420	420	420
416	-598299	420	420	421
417	-597315	422	422	422
418	-596330	422	423	424
419	-595345	423	423	424
420	-594360	424	425	425
421	-593375	426	424	425
422	-592390	427	428	427
423	-591405	428	427	427
424	-590421	429	429	429
425	-589436	430	430	430
426	-588451	430	430	431
427	-587466	432	432	432
428	-586481	432	433	433
429	-585496	434	434	434
430	-584511	435	434	434
431	-583527	436	437	437
432	-582542	437	437	437
433	-581557	438	437	439
434	-580572	438	439	439
435	-579587	440	439	439
436	-578602	441	441	441
437	-577617	442	442	441
438	-576633	443	443	443
439	-575648	443	444	444
440	-574663	444	445	446
441	-573678	446	446	445
442	-572693	446	446	447
443	-571708	447	447	447
444	-570723	448	449	449
445	-569739	449	449	449
446	-568754	449	450	451
447	-567769	451	451	451
448	-566784	452	453	453
449	-565799	452	454	454
450	-564814	455	455	455
451	-563829	456	455	455
452	-562845	456	456	456
453	-561860	458	458	458
454	-560875	458	458	458
455	-559890	459	459	459
456	-558905	460	460	460
457	-557920	461	461	461
458	-556936	462	463	463
459	-555951	464	463	464
460	-554966	465	465	465
461	-553981	465	465	465
462	-552996	466	465	466
463	-552011	467	468	468
464	-551026	469	468	468
465	-550042	470	470	470
466	-549057	471	470	470
467	-548072	472	470	471
468	-547087	472	472	472
469	-546102	473	474	474
470	-545117	473	474	474
471	-544132	476	476	476
472	-543148	476	476	476
473	-542163	477	478	478
474	-541178	479	480	480
475	-540193	480	480	479
476	-539208	480	480	480
477	-538223	482	481	481
478	-537238	483	483	483
479	-536254	484	485	483
480	-535269	485	485	484
481	-534284	485	485	485
482	-533299	486	486	485
483	-532314	487	488	488
484	-531329	489	488	488
485	-530344	489	490	489
486	-529360	490	490	491
487	-528375	492	492	491
488	-527390	493	493	493
489	-526405	493	493	493
490	-525420	494	494	493
491	-524435	496	495	495
492	-523450	497	497	496
493	-522466	496	497	497
494	-521481	499	499	498
495	-520496	500	499	499
496	-519511	500	500	500
497	-518526	502	502	502
498	-517541	502	502	503
499	-516556	504	504	503
500	-515572	504	503	504
501	-514587	505	505	504
502	-513602	506	506	505
503	-512617	507	508	507
504	-511632	509	508	509
505	-510647	508	508	509
506	-509662	512	512	512
507	-508678	512	512	512
508	-507693	512	512	512
509	-506708	513	513	513
510	-505723	515	514	514
511	-504738	514	515	516
512	-503753	517	516	517
513	-502768	516	516	517
514	-501784	518	517	517
515	-500799	519	519	519
516	-499814	520	521	520
517	-498829	521	521	521
518	-497844	522	522	522
519	-496859	523	523	523
520	-495874	524	524	523
521	-494890	525	525	525
522	-493905	526	525	526
523	-492920	527	527	526
524	-491935	528	527	527
525	-490950	529	529	530
526	-489965	530	529	529
527	-488980	531	531	530
528	-487996	531	532	533
529	-487011	533	532	533
530	-486026	534	534	533
531	-485041	534	535	535
532	-484056	536	537	535
533	-483071	537	537	537
534	-482086	538	539	538
535	-481102	539	539	538
536	-480117	540	540	540
537	-479132	541	541	540
538	-478147	543	542	542
539	-477162	543	542	542
540	-476177	544	544	544
541	-475192	544	544	545
542	-474208	546	545	545
543	-473223	547	546	547
544	-472238	547	548	548
545	-471253	549	549	549
546	-470268	550	550	551
547	-469283	552	551	551
548	-468298	552	552	552
549	-467314	553	553	553
550	-466329	554	553	553
551	-465344	554	554	555
552	-464359	555	555	556
553	-463374	557	557	556
554	-462389	558	559	558
555	-461404	559	558	558
556	-460420	559	560	560
557	-459435	561	561	560
558	-458450	562	562	562
559	-457465	563	564	563
560	-456480	563	563	563
561	-455495	565	565	564
562	-454510	565	566	566
563	-453526	566	566	566
564	-452541	568	568	569
565	-451556	569	568	569
566	-450571	570	570	570
567	-449586	571	570	571
568	-448601	571	572	571
569	-447617	573	572	572
570	-446632	574	574	573
571	-445647	575	575	575
572	-444662	576	576	576
573	-443677	577	577	576
574	-442692	578	577	577
575	-441707	579	578	579
576	-440723	580	580	580
577	-439738	580	580	580
578	-438753	582	583	581
579	-437768	582	582	582
580	-436783	583	584	583
581	-435798	585	584	583
582	-434813	585	585	585
583	-433829	587	587	586
584	-432844	588	588	588
585	-431859	588	588	589
586	-430874	590	589	590
587	-429889	590	589	590
588	-428904	591	591	591
589	-427919	592	593	592
590	-426935	593	594	594
591	-425950	595	595	595
592	-424965	596	595	596
593	-423980	597	597	596
594	-422995	597	598	598
595	-422010	599	599	598
596	-421025	600	600	600
597	-420041	601	601	601
598	-419056	602	602	602
599	-418071	601	603	602
600	-417086	604	603	603
601	-416101	605	605	604
602	-415116	606	606	605
603	-414131	607	607	606
604	-413147	607	607	607
605	-412162	609	608	608
606	-411177	609	609	610
607	-410192	610	610	610
608	-409207	612	612	611
609	-408222	612	612	612
610	-407237	613	613	613
611	-406253	615	614	614
612	-405268	616	615	615
613	-404283	617	616	617
614	-403298	617	618	618
615	-402313	619	619	618
616	-401328	619	619	619
617	-400343	620	619	620
618	-399359	621	621	621
619	-398374	623	622	622
620	-397389	623	623	622
621	-396404	624	624	624
622	-395419	625	625	625
623	-394434	626	626	626
624	-393449	627	628	627
625	-392465	628	627	628
626	-391480	629	629	629
627	-390495	630	630	631
628	-389510	631	632	632
629	-388525	632	632	632
630	-387540	633	632	633
631	-386555	634	633	634
632	-385571	636	635	636
633	-384586	636	636	636
634	-383601	638	637	638
635	-382616	638	638	638
636	-381631	640	640	640
637	-380646	640	640	640
638	-379661	642	641	641
639	-378677	642	643	642
640	-377692	643	643	643
641	-376707	643	644	645
642	-375722	646	645	646
643	-374737	647	646	646
644	-373752	647	647	647
645	-372767	649	648	649
646	-371783	650	649	649
647	-370798	650	651	650
648	-369813	651	651	651
649	-368828	652	652	652
650	-367843	653	653	653
651	-366858	654	653	654
652	-365873	655	655	656
653	-364889	656	656	656
654	-363904	657	657	658
655	-362919	658	658	658
656	-361934	658	659	658
657	-360949	660	660	660
658	-359964	661	661	661
659	-358979	662	661	661
660	-357995	663	663	663
661	-357010	664	664	664
662	-356025	665	665	666
663	-355040	666	666	666
664	-354055	666	667	667
665	-353070	667	668	668
666	-352085	670	669	669
667	-351101	670	670	670
668	-350116	671	671	670
669	-349131	672	671	672
670	-348146	674	673	673
671	-347161	674	674	673
672	-346176	675	675	675
673	-345191	676	677	676
674	-344207	677	677	677
675	-343222	678	678	678
676	-342237	679	679	680
677	-341252	679	679	680
678	-340267	681	680	681
679	-339282	682	682	682
680	-338297	682	682	683
681	-337313	684	685	685
682	-336328	685	685	686
683	-335343	686	686	686
684	-334358	687	686	686
685	-333373	688	688	687
686	-332388	689	689	688
687	-331404	690	690	690
688	-330419	691	690	691
689	-329434	692	692	691
690	-328449	693	693	693
691	-327464	693	694	694
692	-326479	694	694	695
693	-325494	695	696	695
694	-324510	696	696	696
695	-323525	697	697	697
696	-322540	698	700	699
697	-321555	700	700	700
698	-320570	701	700	701
699	-319585	701	702	702
700	-318600	703	703	703
701	-317616	703	704	704
702	-316631	705	705	704
703	-315646	706	706	706
704	-314661	707	706	706
705	-313676	707	707	708
706	-312691	709	709	709
707	-311706	710	710	710
708	-310722	711	711	710
709	-309737	711	712	712
710	-308752	713	713	713
711	-307767	714	714	714
712	-306782	715	714	714
713	-305797	716	716	716
714	-304812	717	717	717
715	-303828	718	718	718
716	-302843	718	718	718
717	-301858	720	719	719
718	-300873	720	720	720
719	-299888	722	721	722
720	-298903	722	722	723
721	-297918	724	724	724
722	-296934	724	725	725
723	-295949	726	725	725
724	-294964	726	726	726
725	-293979	727	727	727
726	-292994	728	729	729
727	-292009	730	730	729
728	-291024	730	730	731
729	-290040	732	731	732
730	-289055	732	733	733
731	-288070	733	734	734
732	-287085	734	734	735
733	-286100	736	736	735
734	-285115	737	736	736
735	-284130	737	737	737
736	-283146	739	739	739
737	-282161	740	739	740
738	-281176	741	740	741
739	-280191	741	742	741
740	-279206	742	742	743
741	-278221	744	743	743
742	-277236	745	745	744
743	-276252	745	746	745
744	-275267	747	747	746
745	-274282	748	748	747
746	-273297	748	749	749
747	-272312	750	750	750
748	-271327	751	751	751
749	-270342	752	752	752
750	-269358	752	752	752
751	-268373	754	753	754
752	-267388	754	754	755
753	-266403	756	756	756
754	-265418	756	757	757
755	-264433	757	757	757
756	-263448	758	758	758
757	-262464	759	759	759
758	-261479	761	760	760
759	-260494	761	761	762
760	-259509	763	762	762
761	-258524	763	764	763
762	-257539	764	764	764
763	-256554	765	765	765
764	-255570	766	766	766
765	-254585	768	768	768
766	-253600	768	768	769
767	-252615	770	769	769
768	-251630	771	770	770
769	-250645	771	771	771
770	-249660	772	772	773
771	-248676	773	774	774
772	-247691	774	774	775
773	-246706	775	776	775
774	-245721	777	777	776
775	-244736	777	777	778
776	-243751	779	779	779
777	-242766	779	779	780
778	-241782	781	781	780
779	-240797	782	781	782
780	-239812	782	782	783
781	-238827	784	784	784
782	-237842	784	784	785
783	-236857	786	785	786
784	-235872	786	786	786
785	-234888	788	787	787
786	-233903	788	788	788
787	-232918	789	789	788
788	-231933	790	791	790
789	-230948	791	792	791
790	-229963	792	791	791
791	-228978	793	794	793
792	-227994	794	794	794
793	-227009	796	796	795
794	-226024	797	796	796
795	-225039	797	797	797
796	-224054	798	798	798
797	-223069	800	799	800
798	-222085	799	801	800
799	-221100	801	801	802
800	-220115	802	802	802
801	-219130	803	803	803
802	-218145	804	804	805
803	-217160	805	805	805
804	-216175	806	806	806
805	-215191	806	807	808
806	-214206	808	809	808
807	-213221	809	809	810
808	-212236	810	811	811
809	-211251	812	811	812
810	-210266	812	811	812
811	-209281	813	813	813
812	-208297	814	815	814
813	-207312	816	815	816
814	-206327	816	817	816
815	-205342	817	817	817
816	-204357	818	818	818
817	-203372	819	819	819
818	-202387	820	821	821
819	-201403	821	821	821
820	-200418	822	822	822
821	-199433	823	823	823
822	-198448	824	823	824
823	-197463	825	825	825
824	-196478	826	825	827
825	-195493	827	827	827
826	-194509	828	828	827
827	-193524	829	829	829
828	-192539	830	830	829
829	-191554	831	831	831
830	-190569	832	832	833
831	-189584	833	833	833
832	-188599	834	834	833
833	-187615	835	835	834
834	-186630	836	836	836
835	-185645	836	837	837
836	-184660	838	838	838
837	-183675	839	839	839
838	-182690	840	840	840
839	-181705	840	841	841
840	-180721	842	842	842
841	-179736	843	843	843
842	-178751	844	843	844
843	-177766	845	845	845
844	-176781	846	846	846
845	-175796	847	846	847
846	-174811	848	848	848
847	-173827	849	849	849
848	-172842	851	850	850
849	-171857	851	851	851
850	-170872	852	852	852
851	-169887	853	853	853
852	-168902	854	854	853
853	-167917	855	854	855
854	-166933	856	855	856
855	-165948	857	857	857
856	-164963	858	857	858
857	-163978	859	859	859
858	-162993	860	860	860
859	-162008	861	861	860
860	-161023	862	862	861
861	-160039	864	863	862
862	-159054	863	863	863
863	-158069	864	865	865
864	-157084	865	866	865
865	-156099	866	866	866
866	-155114	867	868	867
867	-154129	868	868	869
868	-153145	870	870	870
869	-152160	870	871	871
870	-151175	871	873	872
871	-150190	872	873	872
872	-149205	873	874	874
873	-148220	874	874	875
874	-147235	876	876	876
875	-146251	877	877	877
876	-145266	877	878	878
877	-144281	879	878	879
878	-143296	880	880	880
879	-142311	881	880	881
880	-141326	881	881	882
881	-140341	883	883	883
882	-139357	884	884	884
883	-138372	884	885	886
884	-137387	885	886	886
885	-136402	886	887	887
886	-135417	888	888	888
887	-134432	889	888	889
888	-133447	889	889	889
889	-132463	890	890	890
890	-131478	891	891	891
891	-130493	892	892	892
892	-129508	894	894	894
893	-128523	894	893	895
894	-127538	895	896	896
895	-126553	897	897	896
896	-125569	898	897	898
897	-124584	898	899	898
898	-123599	900	899	899
899	-122614	900	900	901
900	-121629	901	901	901
901	-120644	903	903	902
902	-119659	903	904	904
903	-118675	905	904	904
904	-117690	906	906	906
905	-116705	907	907	907
906	-115720	908	908	907
907	-114735	908	909	909
908	-113750	909	910	909
909	-112765	911	911	911
910	-111781	912	912	911
911	-110796	913	912	912
912	-109811	914	914	914
913	-108826	914	915	915
914	-107841	915	916	916
915	-106856	917	916	916
916	-105872	918	918	918
917	-104887	919	919	919
918	-103902	920	919	920
919	-102917	921	920	921
920	-101932	921	921	921
921	-100947	922	922	922
922	-99962	923	923	924
923	-98978	924	924	924
924	-97993	926	925	925
925	-97008	926	926	926
926	-96023	927	928	927
927	-95038	928	928	928
928	-94053	929	929	929
929	-93068	930	930	930
930	-92084	931	932	931
931	-91099	933	932	932
932	-90114	934	933	933
933	-89129	934	934	934
934	-88144	936	935	936
935	-87159	936	936	936
936	-86174	937	937	937
937	-85190	938	939	939
938	-84205	939	939	939
939	-83220	941	940	941
940	-82235	941	942	941
941	-81250	943	942	942
942	-80265	943	944	943
943	-79280	944	944	945
944	-78296	945	945	946
945	-77311	947	946	947
946	-76326	947	947	948
947	-75341	948	948	949
948	-74356	950	949	949
949	-73371	951	951	951
950	-72386	952	952	952
951	-71402	952	952	952
952	-70417	953	953	953
953	-69432	955	954	955
954	-68447	955	955	955
955	-67462	957	956	956
956	-66477	957	957	957
957	-65492	958	958	958
958	-64508	959	958	959
959	-63523	959	960	960
960	-62538	961	961	961
961	-61553	962	961	962
962	-60568	963	963	963
963	-59583	965	964	964
964	-58598	965	965	965
965	-57614	965	966	966
966	-56629	967	967	967
967	-55644	967	968	968
968	-54659	969	969	969
969	-53674	970	970	970
970	-52689	971	971	971
971	-51704	972	972	973
972	-50720	973	973	973
973	-49735	974	974	974
974	-48750	975	975	975
975	-47765	976	976	976
976	-46780	977	977	977
977	-45795	978	978	978
978	-44810	979	979	979
979	-43826	981	980	980
980	-42841	981	981	981
981	-41856	982	982	982
982	-40871	983	984	983
983	-39886	984	984	984
984	-38901	985	985	986
985	-37916	986	986	986
986	-36932	987	987	988
987	-35947	988	988	988
988	-34962	989	989	989
989	-33977	990	990	990
990	-32992	991	990	991
991	-32007	992	991	992
992	-31022	993	993	993
993	-30038	994	994	994
994	-29053	995	995	995
995	-28068	996	996	996
996	-27083	997	997	997
997	-26098	998	998	997
998	-25113	999	998	999
999	-24128	999	1000	1000
1000	-23144	1001	1000	1001
1001	-22159	1002	1002	1003
1002	-21174	1003	1002	1003
1003	-20189	1004	1004	1004
1004	-19204	1005	1005	1005
1005	-18219	1006	1006	1006
1006	-17234	1007	1008	1007
1007	-16250	1008	1007	1007
1008	-15265	1009	1009	1009
1009	-14280	1010	1009	1010
1010	-13295	1011	1011	1011
1011	-12310	1012	1012	1012
1012	-11325	1013	1013	1013
1013	-10340	1014	1014	1014
1014	-9356	1015	1015	1015
1015	-8371	1016	1016	1016
1016	-7386	1017	1017	1017
1017	-6401	1018	1018	1018
1018	-5416	1019	1019	1019
1019	-4431	1019	1020	1020
1020	-3446	1021	1021	1021
1021	-2462	1022	1022	1022
1022	-1477	1023	1022	1024
1023	-492	1025	1024	1024
1024	492	1025	1026	1025
1025	1477	1026	1026	1026
1026	2462	1027	1027	1027
1027	3446	1028	1028	1028
1028	4431	1029	1029	1029
1029	5416	1030	1030	1030
1030	6401	1031	1032	1032
1031	7386	1033	1032	1032
1032	8371	1033	1033	1033
1033	9356	1035	1034	1034
1034	10340	1035	1036	1035
1035	11325	1035	1036	1036
1036	12310	1037	1037	1037
1037	13295	1039	1038	1038
1038	14280	1040	1039	1039
1039	15265	1040	1040	1040
1040	16250	1041	1042	1041
1041	17234	1043	1043	1043
1042	18219	1043	1043	1043
1043	19204	1045	1044	1044
1044	20189	1045	1046	1045
1045	21174	1047	1046	1047
1046	22159	1048	1047	1047
1047	23144	1048	1049	1049
1048	24128	1049	1050	1050
1049	25113	1051	1050	1051
1050	26098	1052	1052	1051
1051	27083	1053	1052	1052
1052	28068	1053	1053	1053
1053	29053	1054	1054	1054
1054	30038	1055	1056	1056
1055	31022	1056	1056	1056
1056	32007	1058	1057	1057
1057	32992	1058	1058	1058
1058	33977	1059	1059	1059
1059	34962	1061	1060	1060
1060	35947	1061	1061	1061
1061	36932	1062	1062	1062
1062	37916	1064	1062	1063
1063	38901	1064	1064	1064
1064	39886	1065	1065	1065
1065	40871	1066	1066	1066
1066	41856	1068	1067	1067
1067	42841	1068	1068	1068
1068	43826	1070	1069	1069
1069	44810	1070	1070	1071
1070	45795	1071	1071	1071
1071	46780	1072	1072	1072
1072	47765	1074	1073	1073
1073	48750	1074	1074	1074
1074	49735	1075	1075	1075
1075	50720	1077	1076	1077
1076	51704	1077	1077	1077
1077	52689	1078	1079	1079
1078	53674	1079	1080	1080
1079	54659	1080	1080	1081
1080	55644	1081	1081	1081
1081	56629	1082	1082	1082
1082	57614	1083	1084	1083
1083	58598	1084	1084	1084
1084	59583	1086	1085	1085
1085	60568	1087	1086	1087
1086	61553	1088	1088	1088
1087	62538	1088	1088	1088
1088	63523	1089	1089	1090
1089	64508	1090	1090	1090
1090	65492	1091	1092	1091
1091	66477	1092	1092	1092
1092	67462	1093	1093	1093
1093	68447	1094	1094	1094
1094	69432	1095	1095	1095
1095	70417	1096	1096	1096
1096	71402	1097	1097	1097
1097	72386	1098	1098	1098
1098	73371	1099	1099	1099
1099	74356	1101	1100	1100
1100	75341	1101	1100	1101
1101	76326	1102	1101	1102
1102	77311	1103	1103	1103
1103	78296	1104	1104	1104
1104	79280	1105	1105	1105
1105	80265	1106	1106	1106
1106	81250	1107	1107	1107
1107	82235	1108	1108	1108
1108	83220	1109	1109	1109
1109	84205	1110	1110	1110
1110	85190	1111	1111	1111
1111	86174	1112	1112	1112
1112	87159	1113	1112	1113
1113	88144	1114	1114	1115
1114	89129	1115	1115	1116
1115	90114	1116	1116	1116
1116	91099	1117	1117	1118
1117	92084	1118	1118	1118
1118	93068	1119	1119	1118
1119	94053	1120	1120	1120
1120	95038	1121	1121	1121
1121	96023	1122	1122	1122
1122	97008	1123	1123	1123
1123	97993	1123	1123	1124
1124	98978	1124	1125	1125
1125	99962	1125	1125	1126
1126	100947	1127	1127	1126
1127	101932	1127	1128	1127
1128	102917	1129	1129	1129
1129	103902	1130	1129	1130
1130	104887	1131	1131	1131
1131	105872	1131	1132	1132
1132	106856	1133	1133	1132
1133	107841	1134	1133	1134
1134	108826	1135	1135	1135
1135	109811	1136	1136	1136
1136	110796	1136	1137	1137
1137	111781	1138	1138	1137
1138	112765	1139	1139	1138
1139	113750	1140	1139	1140
1140	114735	1140	1141	1141
1141	115720	1142	1142	1142
1142	116705	1143	1143	1142
1143	117690	1144	1144	1144
1144	118675	1144	1145	1145
1145	119659	1145	1146	1146
1146	120644	1147	1147	1147
1147	121629	1148	1148	1148
1148	122614	1148	1149	1148
1149	123599	1150	1149	1150
1150	124584	1151	1151	1151
1151	125569	1152	1152	1153
1152	126553	1153	1153	1153
1153	127538	1154	1154	1154
1154	128523	1155	1155	1155
1155	129508	1156	1155	1156
1156	130493	1157	1157	1157
1157	131478	1158	1158	1158
1158	132463	1159	1159	1159
1159	133447	1159	1159	1159
1160	134432	1160	1160	1160
1161	135417	1161	1161	1161
1162	136402	1162	1163	1162
1163	137387	1163	1164	1163
1164	138372	1165	1165	1165
1165	139357	1165	1165	1165
1166	140341	1166	1166	1167
1167	141326	1167	1168	1167
1168	142311	1169	1169	1169
1169	143296	1169	1170	1169
1170	144281	1171	1170	1170
1171	145266	1172	1171	1172
1172	146251	1173	1172	1173
1173	147235	1174	1174	1173
1174	148220	1175	1174	1174
1175	149205	1176	1176	1176
1176	150190	1177	1176	1177
1177	151175	1178	1177	1177
1178	152160	1178	1178	1179
1179	153145	1179	1180	1179
1180	154129	1181	1180	1181
1181	155114	1182	1182	1182
1182	156099	1183	1182	1183
1183	157084	1183	1183	1184
1184	158069	1185	1184	1185
1185	159054	1185	1185	1186
1186	160039	1187	1187	1186
1187	161023	1188	1188	1188
1188	162008	1189	1189	1188
1189	162993	1190	1190	1189
1190	163978	1191	1191	1191
1191	164963	1190	1191	1191
1192	165948	1192	1192	1192
1193	166933	1193	1193	1193
1194	167917	1194	1194	1194
1195	168902	1195	1195	1195
1196	169887	1196	1196	1196
1197	170872	1198	1197	1197
1198	171857	1198	1198	1199
1199	172842	1199	1199	1199
1200	173827	1200	1199	1200
1201	174811	1201	1202	1201
1202	175796	1202	1202	1202
1203	176781	1204	1204	1204
1204	177766	1204	1204	1205
1205	178751	1205	1205	1205
1206	179736	1206	1207	1207
1207	180721	1207	1207	1208
1208	181705	1208	1208	1208
1209	182690	1209	1209	1209
1210	183675	1210	1210	1210
1211	184660	1211	1212	1211
1212	185645	1212	1212	1213
1213	186630	1213	1213	1214
1214	187615	1215	1214	1214
1215	188599	1215	1216	1216
1216	189584	1217	1216	1216
1217	190569	1218	1217	1217
1218	191554	1219	1218	1218
1219	192539	1220	1220	1219
1220	193524	1220	1220	1220
1221	194509	1222	1221	1222
1222	195493	1223	1222	1223
1223	196478	1224	1223	1224
1224	197463	1225	1225	1224
1225	198448	1225	1225	1226
1226	199433	1225	1225	1227
1227	200418	1227	1227	1227
1228	201403	1228	1228	1228
1229	202387	1229	1229	1229
1230	203372	1231	1230	1230
1231	204357	1232	1231	1231
1232	205342	1232	1232	1232
1233	206327	1233	1233	1233
1234	207312	1233	1235	1234
1235	208297	1235	1235	1235
1236	209281	1236	1236	1236
1237	210266	1237	1237	1237
1238	211251	1238	1237	1238
1239	212236	1239	1239	1239
1240	213221	1240	1240	1240
1241	214206	1241	1241	1241
1242	215191	1243	1241	1243
1243	216175	1243	1243	1243
1244	217160	1244	1244	1244
1245	218145	1245	1246	1245
1246	219130	1246	1246	1246
1247	220115	1247	1247	1247
1248	221100	1248	1248	1248
1249	222085	1249	1249	1249
1250	223069	1250	1250	1250
1251	224054	1251	1250	1251
1252	225039	1253	1253	1252
1253	226024	1254	1253	1253
1254	227009	1254	1254	1255
1255	227994	1255	1255	1255
1256	228978	1256	1256	1256
1257	229963	1257	1257	1258
1258	230948	1258	1258	1258
1259	231933	1259	1259	1259
1260	232918	1260	1260	1260
1261	233903	1261	1260	1260
1262	234888	1261	1262	1262
1263	235872	1262	1262	1263
1264	236857	1264	1264	1263
1265	237842	1265	1265	1264
1266	238827	1266	1266	1266
1267	239812	1267	1266	1266
1268	240797	1268	1268	1267
1269	241782	1268	1269	1269
1270	242766	1270	1270	1270
1271	243751	1271	1270	1271
1272	244736	1272	1272	1272
1273	245721	1273	1272	1273
1274	246706	1274	1274	1274
1275	247691	1275	1275	1276
1276	248676	1276	1276	1276
1277	249660	1277	1276	1277
1278	250645	1277	1278	1278
1279	251630	1278	1279	1279
1280	252615	1280	1280	1280
1281	253600	1281	1281	1281
1282	254585	1282	1283	1283
1283	255570	1283	1284	1282
1284	256554	1284	1285	1284
1285	257539	1285	1284	1285
1286	258524	1286	1286	1287
1287	259509	1287	1287	1287
1288	260494	1288	1288	1288
1289	261479	1289	1289	1289
1290	262464	1291	1291	1290
1291	263448	1291	1292	1291
1292	264433	1293	1293	1292
1293	265418	1293	1293	1294
1294	266403	1294	1294	1294
1295	267388	1295	1295	1294
1296	268373	1296	1296	1296
1297	269358	1296	1297	1296
1298	270342	1298	1297	1298
1299	271327	1298	1298	1298
1300	272312	1300	1300	1300
1301	273297	1301	1301	1301
1302	274282	1301	1301	1302
1303	275267	1303	1303	1302
1304	276252	1303	1304	1304
1305	277236	1305	1304	1305
1306	278221	1306	1305	1307
1307	279206	1307	1307	1306
1308	280191	1308	1308	1308
1309	281176	1309	1309	1309
1310	282161	1310	1310	1310
1311	283146	1311	1311	1310
1312	284130	1312	1312	1312
1313	285115	1313	1312	1313
1314	286100	1314	1314	1313
1315	287085	1315	1315	1315
1316	288070	1316	1315	1315
1317	289055	1317	1317	1317
1318	290040	1318	1318	1317
1319	291024	1319	1318	1318
1320	292009	1320	1320	1320
1321	292994	1320	1321	1322
1322	293979	1322	1322	1321
1323	294964	1323	1323	1323
1324	295949	1323	1324	1324
1325	296934	1325	1324	1325
1326	297918	1325	1326	1325
1327	298903	1326	1326	1327
1328	299888	1327	1327	1327
1329	300873	1328	1328	1328
1330	301858	1329	1329	1329
1331	302843	1330	1330	1330
1332	303828	1332	1331	1331
1333	304812	1333	1332	1332
1334	305797	1333	1334	1334
1335	306782	1335	1335	1334
1336	307767	1335	1335	1335
1337	308752	1337	1336	1337
1338	309737	1337	1338	1337
1339	310722	1339	1338	1338
1340	311706	1340	1339	1340
1341	312691	1341	1341	1340
1342	313676	1341	1341	1342
1343	314661	1343	1343	1343
1344	315646	1343	1343	1343
1345	316631	1345	1345	1345
1346	317616	1346	1346	1345
1347	318600	1347	1346	1347
1348	319585	1348	1348	1347
1349	320570	1348	1348	1348
1350	321555	1349	1349	1350
1351	322540	1350	1350	1351
1352	323525	1351	1351	1351
1353	324510	1353	1353	1353
1354	325494	1353	1354	1354
1355	326479	1354	1354	1354
1356	327464	1356	1355	1356
1357	328449	1357	1357	1356
1358	329434	1358	1358	1358
1359	330419	1359	1359	1358
1360	331404	1360	1360	1360
1361	332388	1361	1360	1360
1362	333373	1361	1361	1362
1363	334358	1363	1362	1363
1364	335343	1362	1363	1363
1365	336328	1364	1364	1364
1366	337313	1365	1365	1365
1367	338297	1366	1366	1366
1368	339282	1367	1367	1367
1369	340267	1369	1369	1368
1370	341252	1368	1369	1369
1371	342237	1371	1371	1371
1372	343222	1371	1370	1371
1373	344207	1372	1372	1373
1374	345191	1373	1373	1373
1375	346176	1374	1374	1374
1376	347161	1375	1375	1375
1377	348146	1377	1376	1377
1378	349131	1377	1377	1378
1379	350116	1378	1378	1379
1380	351101	1379	1379	1378
1381	352085	1381	1380	1380
1382	353070	1381	1382	1381
1383	354055	1383	1382	1381
1384	355040	1383	1383	1384
1385	356025	1384	1384	1384
1386	357010	1385	1385	1385
1387	357995	1385	1387	1386
1388	358979	1388	1387	1387
1389	359964	1389	1388	1388
1390	360949	1389	1389	1388
1391	361934	1390	1391	1391
1392	362919	1392	1391	1391
1393	363904	1392	1392	1391
1394	364889	1394	1393	1393
1395	365873	1394	1394	1394
1396	366858	1395	1395	1395
1397	367843	1396	1396	1396
1398	368828	1398	1397	1397
1399	369813	1398	1398	1398
1400	370798	1399	1399	1399
1401	371783	1400	1400	1401
1402	372767	1401	1401	1401
1403	373752	1403	1401	1401
1404	374737	1403	1402	1402
1405	375722	1404	1404	1404
1406	376707	1405	1405	1405
1407	377692	1406	1406	1407
1408	378677	1408	1408	1408
1409	379661	1408	1408	1408
1410	380646	1408	1409	1410
1411	381631	1410	1410	1410
1412	382616	1412	1412	1411
1413	383601	1412	1412	1412
1414	384586	1413	1413	1412
1415	385571	1414	1415	1414
1416	386555	1415	1415	1416
1417	387540	1416	1416	1416
1418	388525	1417	1417	1417
1419	389510	1419	1418	1418
1420	390495	1419	1419	1419
1421	391480	1420	1421	1420
1422	392465	1421	1420	1421
1423	393449	1423	1422	1422
1424	394434	1423	1423	1423
1425	395419	1424	1424	1424
1426	396404	1425	1425	1425
1427	397389	1426	1426	1426
1428	398374	1427	1428	1427
1429	399359	1428	1428	1428
1430	400343	1428	1429	1429
1431	401328	1430	1430	1430
1432	402313	1430	1431	1431
1433	403298	1431	1432	1431
1434	404283	1433	1433	1433
1435	405268	1434	1434	1433
1436	406253	1435	1435	1435
1437	407237	1436	1436	1436
1438	408222	1437	1437	1437
1439	409207	1439	1438	1438
1440	410192	1439	1439	1439
1441	411177	1440	1440	1440
1442	412162	1442	1441	1441
1443	413147	1442	1441	1441
1444	414131	1443	1443	1443
1445	415116	1444	1443	1444
1446	416101	1444	1445	1445
1447	417086	1446	1446	1446
1448	418071	1446	1446	1447
1449	419056	1448	1448	1448
1450	420041	1448	1448	1448
1451	421025	1449	1450	1449
1452	422010	1451	1451	1451
1453	422995	1451	1452	1452
1454	423980	1453	1454	1453
1455	424965	1454	1454	1454
1456	425950	1455	1455	1455
1457	426935	1456	1456	1456
1458	427919	1456	1456	1456
1459	428904	1458	1458	1457
1460	429889	1458	1459	1459
1461	430874	1459	1459	1460
1462	431859	1460	1461	1461
1463	432844	1462	1462	1461
1464	433829	1462	1461	1462
1465	434813	1462	1463	1464
1466	435798	1465	1465	1464
1467	436783	1466	1466	1465
1468	437768	1467	1467	1467
1469	438753	1467	1467	1467
1470	439738	1469	1469	1468
1471	440723	1470	1470	1470
1472	441707	1471	1472	1470
1473	442692	1472	1472	1472
1474	443677	1473	1473	1473
1475	444662	1473	1474	1473
1476	445647	1474	1474	1475
1477	446632	1475	1476	1476
1478	447617	1476	1476	1477
1479	448601	1477	1477	1478
1480	449586	1478	1479	1478
1481	450571	1480	1480	1479
1482	451556	1481	1480	1481
1483	452541	1481	1482	1482
1484	453526	1482	1483	1482
1485	454510	1484	1484	1483
1486	455495	1484	1484	1484
1487	456480	1486	1485	1485
1488	457465	1487	1487	1487
1489	458450	1487	1487	1488
1490	459435	1488	1488	1489
1491	460420	1490	1490	1490
1492	461404	1491	1490	1490
1493	462389	1492	1492	1492
1494	463374	1493	1493	1493
1495	464359	1493	1493	1494
1496	465344	1495	1495	1495
1497	466329	1495	1495	1496
1498	467314	1496	1496	1496
1499	468298	1497	1497	1496
1500	469283	1499	1499	1498
1501	470268	1499	1500	1500
1502	471253	1500	1500	1500
1503	472238	1502	1502	1502
1504	473223	1503	1503	1502
1505	474208	1504	1503	1502
1506	475192	1504	1505	1505
1507	476177	1505	1505	1505
1508	477162	1507	1507	1507
1509	478147	1507	1507	1508
1510	479132	1508	1508	1508
1511	480117	1509	1510	1510
1512	481102	1510	1510	1510
1513	482086	1511	1511	1511
1514	483071	1513	1512	1513
1515	484056	1513	1513	1513
1516	485041	1514	1514	1514
1517	486026	1515	1515	1516
1518	487011	1517	1517	1517
1519	487996	1517	1517	1518
1520	488980	1518	1518	1518
1521	489965	1520	1519	1519
1522	490950	1520	1520	1520
1523	491935	1522	1522	1521
1524	492920	1522	1523	1523
1525	493905	1523	1523	1524
1526	494890	1524	1524	1524
1527	495874	1525	1526	1526
1528	496859	1526	1526	1526
1529	497844	1528	1528	1527
1530	498829	1529	1529	1528
1531	499814	1528	1529	1529
1532	500799	1530	1530	1530
1533	501784	1531	1532	1531
1534	502768	1532	1533	1532
1535	503753	1533	1533	1532
1536	504738	1536	1536	1536
1537	505723	1536	1536	1536
1538	506708	1536	1536	1536
1539	507693	1537	1537	1536
1540	508678	1538	1538	1537
1541	509662	1539	1539	1539
1542	510647	1540	1541	1540
1543	511632	1541	1541	1541
1544	512617	1543	1543	1542
1545	513602	1543	1543	1543
1546	514587	1545	1544	1544
1547	515572	1545	1545	1545
1548	516556	1545	1546	1547
1549	517541	1546	1547	1547
1550	518526	1548	1548	1548
1551	519511	1549	1549	1549
1552	520496	1549	1549	1550
1553	521481	1551	1551	1551
1554	522466	1552	1552	1552
1555	523450	1554	1553	1554
1556	524435	1554	1554	1553
1557	525420	1555	1555	1556
1558	526405	1556	1557	1557
1559	527390	1557	1557	1557
1560	528375	1558	1558	1558
1561	529360	1560	1559	1558
1562	530344	1559	1560	1560
1563	531329	1561	1561	1561
1564	532314	1563	1564	1562
1565	533299	1563	1563	1563
1566	534284	1564	1564	1564
1567	535269	1565	1564	1564
1568	536254	1567	1566	1566
1569	537238	1566	1567	1567
1570	538223	1568	1568	1568
1571	539208	1569	1570	1569
1572	540193	1569	1570	1570
1573	541178	1571	1571	1570
1574	542163	1572	1571	1571
1575	543148	1573	1572	1572
1576	544132	1574	1574	1575
1577	545117	1575	1575	1574
1578	546102	1576	1576	1576
1579	547087	1577	1577	1577
1580	548072	1577	1577	1577
1581	549057	1578	1578	1578
1582	550042	1579	1579	1580
1583	551026	1580	1579	1580
1584	552011	1581	1582	1582
1585	552996	1582	1583	1583
1586	553981	1584	1583	1583
1587	554966	1584	1585	1585
1588	555951	1586	1586	1585
1589	556936	1587	1586	1587
1590	557920	1587	1587	1588
1591	558905	1589	1589	1589
1592	559890	1589	1589	1590
1593	560875	1591	1591	1590
1594	561860	1591	1592	1592
1595	562845	1592	1593	1593
1596	563829	1593	1594	1594
1597	564814	1593	1595	1595
1598	565799	1595	1596	1596
1599	566784	1596	1596	1596
1600	567769	1597	1598	1598
1601	568754	1598	1598	1599
1602	569739	1600	1600	1599
1603	570723	1600	1600	1600
1604	571708	1601	1602	1602
1605	572693	1602	1602	1602
1606	573678	1603	1603	1603
1607	574663	1604	1605	1605
1608	575648	1606	1605	1605
1609	576633	1608	1607	1606
1610	577617	1607	1607	1607
1611	578602	1608	1609	1609
1612	579587	1609	1610	1609
1613	580572	1610	1610	1610
1614	581557	1612	1612	1612
1615	582542	1613	1612	1612
1616	583527	1613	1614	1614
1617	584511	1614	1615	1615
1618	585496	1615	1615	1615
1619	586481	1617	1617	1617
1620	587466	1617	1617	1616
1621	588451	1619	1619	1618
1622	589436	1619	1619	1620
1623	590421	1619	1620	1620
1624	591405	1622	1622	1622
1625	592390	1623	1623	1623
1626	593375	1625	1624	1625
1627	594360	1625	1625	1624
1628	595345	1625	1626	1626
1629	596330	1626	1626	1626
1630	597315	1628	1628	1628
1631	598299	1628	1628	1629
1632	599284	1629	1629	1629
1633	600269	1630	1631	1631
1634	601254	1631	1632	1632
1635	602239	1632	1633	1632
1636	603224	1633	1632	1633
1637	604209	1633	1634	1635
1638	605193	1634	1635	1635
1639	606178	1636	1636	1637
1640	607163	1637	1636	1636
1641	608148	1638	1638	1639
1642	609133	1639	1638	1639
1643	610118	1639	1640	1640
1644	611103	1642	1642	1642
1645	612087	1642	1642	1642
1646	613072	1644	1644	1644
1647	614057	1644	1644	1644
1648	615042	1645	1645	1646
1649	616027	1646	1646	1647
1650	617012	1648	1647	1647
1651	617997	1648	1647	1648
1652	618981	1650	1650	1649
1653	619966	1650	1651	1651
1654	620951	1651	1651	1651
1655	621936	1653	1652	1651
1656	622921	1654	1655	1654
1657	623906	1655	1654	1654
1658	624891	1655	1655	1655
1659	625875	1656	1656	1656
1660	626860	1657	1657	1657
1661	627845	1658	1658	1658
1662	628830	1659	1659	1660
1663	629815	1660	1660	1660
1664	630800	1661	1661	1662
1665	631785	1662	1663	1663
1666	632769	1664	1664	1664
1667	633754	1664	1664	1664
1668	634739	1665	1666	1665
1669	635724	1666	1666	1666
1670	636709	1667	1668	1667
1671	637694	1669	1669	1669
1672	638679	1668	1668	1670
1673	639663	1670	1669	1670
1674	640648	1671	1671	1671
1675	641633	1671	1672	1672
1676	642618	1672	1673	1674
1677	643603	1674	1675	1675
1678	644588	1675	1675	1675
1679	645573	1676	1676	1677
1680	646557	1678	1678	1677
1681	647542	1679	1678	1678
1682	648527	1679	1679	1680
1683	649512	1680	1679	1680
1684	650497	1681	1682	1681
1685	651482	1683	1682	1681
1686	652467	1683	1683	1683
1687	653451	1684	1685	1685
1688	654436	1685	1684	1684
1689	655421	1687	1687	1687
1690	656406	1688	1688	1687
1691	657391	1688	1688	1689
1692	658376	1690	1689	1689
1693	659361	1691	1690	1689
1694	660345	1691	1691	1691
1695	661330	1693	1692	1692
1696	662315	1693	1693	1692
1697	663300	1694	1694	1694
1698	664285	1696	1695	1695
1699	665270	1696	1696	1696
1700	666255	1697	1698	1698
1701	667239	1699	1698	1698
1702	668224	1700	1699	1698
1703	669209	1700	1701	1700
1704	670194	1700	1700	1700
1705	671179	1702	1702	1702
1706	672164	1702	1703	1703
1707	673148	1703	1703	1704
1708	674133	1705	1704	1704
1709	675118	1705	1706	1706
1710	676103	1707	1706	1706
1711	677088	1707	1707	1707
1712	678073	1709	1708	1708
1713	679058	1709	1708	1710
1714	680042	1711	1711	1711
1715	681027	1712	1712	1712
1716	682012	1713	1713	1714
1717	682997	1715	1714	1714
1718	683982	1716	1716	1715
1719	684967	1715	1715	1715
1720	685952	1717	1718	1718
1721	686936	1717	1718	1718
1722	687921	1718	1718	1719
1723	688906	1721	1721	1720
1724	689891	1721	1721	1721
1725	690876	1723	1722	1721
1726	691861	1723	1723	1722
1727	692846	1724	1724	1724
1728	693830	1724	1724	1724
1729	694815	1726	1726	1727
1730	695800	1728	1727	1728
1731	696785	1728	1727	1728
1732	697770	1729	1729	1729
1733	698755	1731	1730	1729
1734	699740	1730	1731	1732
1735	700724	1731	1731	1731
1736	701709	1733	1732	1733
1737	702694	1734	1734	1733
1738	703679	1735	1735	1736
1739	704664	1736	1736	1735
1740	705649	1736	1737	1737
1741	706634	1737	1738	1738
1742	707618	1738	1737	1738
1743	708603	1740	1739	1738
1744	709588	1740	1740	1740
1745	710573	1743	1742	1742
1746	711558	1743	1743	1743
1747	712543	1744	1744	1744
1748	713528	1745	1745	1745
1749	714512	1746	1746	1746
1750	715497	1747	1747	1746
1751	716482	1748	1748	1749
1752	717467	1750	1748	1748
1753	718452	1749	1749	1749
1754	719437	1751	1751	1749
1755	720422	1753	1752	1753
1756	721406	1753	1752	1753
1757	722391	1753	1753	1753
1758	723376	1754	1755	1755
1759	724361	1756	1756	1756
1760	725346	1758	1758	1757
1761	726331	1758	1758	1757
1762	727316	1760	1758	1759
1763	728300	1760	1761	1760
1764	729285	1760	1762	1761
1765	730270	1762	1762	1763
1766	731255	1763	1762	1762
1767	732240	1764	1763	1763
1768	733225	1765	1764	1765
1769	734210	1765	1766	1766
1770	735194	1766	1767	1767
1771	736179	1769	1769	1767
1772	737164	1768	1767	1768
1773	738149	1769	1770	1770
1774	739134	1770	1769	1770
1775	740119	1771	1771	1770
1776	741104	1773	1772	1772
1777	742088	1773	1774	1774
1778	743073	1774	1773	1773
1779	744058	1776	1776	1776
1780	745043	1777	1777	1777
1781	746028	1778	1778	1777
1782	747013	1778	1778	1778
1783	747998	1778	1779	1779
1784	748982	1781	1779	1779
1785	749967	1780	1781	1781
1786	750952	1782	1781	1782
1787	751937	1784	1783	1783
1788	752922	1783	1784	1784
1789	753907	1785	1785	1785
1790	754892	1787	1788	1787
1791	755876	1788	1787	1787
1792	756861	1789	1789	1789
1793	757846	1789	1790	1790
1794	758831	1791	1792	1791
1795	759816	1792	1792	1792
1796	760801	1792	1792	1793
1797	761786	1793	1794	1794
1798	762770	1795	1795	1796
1799	763755	1795	1795	1796
1800	764740	1796	1796	1797
1801	765725	1798	1798	1798
1802	766710	1799	1799	1799
1803	767695	1800	1800	1800
1804	768680	1801	1801	1801
1805	769664	1800	1800	1801
1806	770649	1803	1803	1803
1807	771634	1804	1803	1803
1808	772619	1805	1804	1803
1809	773604	1805	1806	1806
1810	774589	1806	1806	1806
1811	775574	1807	1807	1807
1812	776558	1810	1808	1807
1813	777543	1810	1810	1809
1814	778528	1810	1811	1811
1815	779513	1811	1811	1811
1816	780498	1812	1811	1812
1817	781483	1814	1814	1814
1818	782468	1815	1815	1815
1819	783452	1814	1814	1816
1820	784437	1817	1817	1817
1821	785422	1818	1818	1817
1822	786407	1819	1818	1817
1823	787392	1819	1819	1820
1824	788377	1821	1821	1820
1825	789361	1822	1822	1821
1826	790346	1823	1823	1823
1827	791331	1824	1824	1824
1828	792316	1824	1824	1824
1829	793301	1827	1826	1826
1830	794286	1826	1825	1826
1831	795271	1826	1827	1826
1832	796255	1829	1829	1830
1833	797240	1829	1830	1829
1834	798225	1831	1830	1830
1835	799210	1831	1831	1831
1836	800195	1832	1832	1832
1837	801180	1833	1832	1832
1838	802165	1833	1834	1835
1839	803149	1836	1836	1834
1840	804134	1835	1836	1837
1841	805119	1838	1838	1837
1842	806104	1838	1838	1837
1843	807089	1840	1839	1839
1844	808074	1839	1840	1840
1845	809059	1840	1841	1841
1846	810043	1842	1843	1843
1847	811028	1844	1843	1842
1848	812013	1844	1845	1845
1849	812998	1846	1844	1845
1850	813983	1846	1846	1846
1851	814968	1846	1846	1847
1852	815953	1849	1848	1849
1853	816937	1849	1848	1848
1854	817922	1850	1849	1850
1855	818907	1852	1852	1851
1856	819892	1852	1852	1852
1857	820877	1854	1853	1853
1858	821862	1854	1854	1854
1859	822847	1856	1856	1855
1860	823831	1856	1857	1856
1861	824816	1857	1858	1858
1862	825801	1859	1858	1857
1863	826786	1860	1860	1860
1864	827771	1859	1860	1860
1865	828756	1862	1862	1861
1866	829741	1861	1861	1862
1867	830725	1864	1863	1863
1868	831710	1865	1865	1864
1869	832695	1865	1865	1865
1870	833680	1866	1866	1865
1871	834665	1867	1868	1867
1872	835650	1867	1867	1867
1873	836635	1869	1869	1869
1874	837619	1871	1871	1870
1875	838604	1870	1871	1872
1876	839589	1872	1872	1872
1877	840574	1873	1872	1872
1878	841559	1873	1872	1873
1879	842544	1875	1876	1875
1880	843529	1875	1875	1874
1881	844513	1876	1876	1875
1882	845498	1879	1879	1878
1883	846483	1878	1877	1878
1884	847468	1879	1879	1880
1885	848453	1880	1880	1880
1886	849438	1882	1881	1881
1887	850423	1883	1883	1882
1888	851407	1885	1885	1884
1889	852392	1885	1886	1886
1890	853377	1885	1886	1886
1891	854362	1886	1887	1887
1892	855347	1888	1888	1889
1893	856332	1890	1890	1890
1894	857317	1891	1891	1891
1895	858301	1890	1890	1890
1896	859286	1893	1892	1891
1897	860271	1892	1892	1892
1898	861256	1892	1893	1893
1899	862241	1893	1895	1896
1900	863226	1895	1895	1895
1901	864211	1898	1897	1897
1902	865195	1899	1898	1897
1903	866180	1899	1900	1899
1904	867165	1901	1900	1899
1905	868150	1899	1900	1900
1906	869135	1902	1900	1900
1907	870120	1903	1903	1902
1908	871105	1903	1903	1904
1909	872089	1905	1905	1905
1910	873074	1906	1906	1906
1911	874059	1906	1907	1907
1912	875044	1907	1906	1907
1913	876029	1908	1908	1908
1914	877014	1909	1910	1910
1915	877999	1910	1911	1911
1916	878983	1912	1912	1911
1917	879968	1913	1913	1913
1918	880953	1912	1913	1914
1919	881938	1915	1915	1914
1920	882923	1915	1915	1915
1921	883908	1916	1916	1917
1922	884893	1917	1917	1918
1923	885877	1920	1920	1919
1924	886862	1919	1919	1920
1925	887847	1922	1922	1922
1926	888832	1921	1922	1922
1927	889817	1922	1923	1923
1928	890802	1925	1925	1924
1929	891787	1926	1926	1925
1930	892771	1925	1926	1926
1931	893756	1926	1926	1926
1932	894741	1928	1928	1928
1933	895726	1928	1928	1928
1934	896711	1929	1930	1930
1935	897696	1930	1930	1931
1936	898680	1933	1933	1931
1937	899665	1932	1932	1933
1938	900650	1933	1933	1934
1939	901635	1935	1935	1935
1940	902620	1935	1934	1934
1941	903605	1936	1936	1935
1942	904590	1936	1937	1936
1943	905574	1939	1937	1937
1944	906559	1940	1940	1940
1945	907544	1940	1941	1941
1946	908529	1942	1942	1941
1947	909514	1942	1942	1942
1948	910499	1943	1942	1942
1949	911484	1944	1944	1944
1950	912468	1945	1946	1946
1951	913453	1946	1946	1946
1952	914438	1948	1948	1947
1953	915423	1950	1949	1948
1954	916408	1950	1950	1950
1955	917393	1950	1950	1950
1956	918378	1952	1951	1950
1957	919362	1953	1951	1952
1958	920347	1954	1953	1953
1959	921332	1955	1955	1954
1960	922317	1955	1955	1954
1961	923302	1956	1957	1957
1962	924287	1959	1958	1958
1963	925272	1958	1958	1959
1964	926256	1960	1960	1960
1965	927241	1962	1961	1960
1966	928226	1962	1962	1963
1967	929211	1962	1963	1964
1968	930196	1964	1964	1962
1969	931181	1964	1964	1964
1970	932166	1965	1965	1966
1971	933150	1966	1965	1966
1972	934135	1968	1968	1969
1973	935120	1967	1968	1968
1974	936105	1969	1969	1970
1975	937090	1969	1970	1970
1976	938075	1972	1972	1971
1977	939060	1971	1971	1971
1978	940044	1974	1974	1973
1979	941029	1974	1974	1975
1980	942014	1975	1976	1976
1981	942999	1976	1976	1977
1982	943984	1976	1976	1977
1983	944969	1978	1978	1979
1984	945954	1978	1978	1979
1985	946938	1982	1981	1981
1986	947923	1980	1981	1981
1987	948908	1981	1983	1983
1988	949893	1984	1983	1982
1989	950878	1985	1984	1983
1990	951863	1985	1986	1986
1991	952848	1987	1986	1985
1992	953832	1988	1988	1988
1993	954817	1987	1988	1988
1994	955802	1989	1989	1989
1995	956787	1991	1991	1991
1996	957772	1991	1992	1992
1997	958757	1993	1993	1994
1998	959742	1994	1992	1992
1999	960726	1995	1996	1995
2000	961711	1995	1996	1996
2001	962696	1996	1996	1996
2002	963681	1998	1999	1998
2003	964666	1998	1998	1998
2004	965651	1999	1999	2000
2005	966636	2001	2002	2001
2006	967620	2001	2002	2002
2007	968605	2001	2001	2001
2008	969590	2002	2003	2003
2009	970575	2005	2005	2004
2010	971560	2004	2003	2005
2011	972545	2006	2006	2007
2012	973530	2008	2008	2006
2013	974514	2009	2009	2009
2014	975499	2008	2008	2008
2015	976484	2010	2010	2011
2016	977469	2010	2011	2012
2017	978454	2013	2013	2011
2018	979439	2013	2012	2013
2019	980424	2014	2014	2014
2020	981408	2014	2013	2014
2021	982393	2016	2016	2017
2022	983378	2018	2018	2017
2023	984363	2017	2017	2018
2024	985348	2018	2018	2019
2025	986333	2019	2020	2020
2026	987318	2022	2023	2023
2027	988302	2023	2023	2022
2028	989287	2024	2024	2023
2029	990272	2023	2023	2023
2030	991257	2026	2026	2025
2031	992242	2026	2026	2025
2032	993227	2026	2025	2026
2033	994212	2029	2028	2027
2034	995196	2030	2030	2029
2035	996181	2029	2029	2029
2036	997166	2031	2031	2032
2037	998151	2032	2032	2033
2038	999136	2032	2032	2033
2039	1000121	2034	2034	2034
2040	1001106	2035	2036	2035
2041	1002090	2035	2035	2036
2042	1003075	2035	2036	2036
2043	1004060	2037	2038	2039
2044	1005045	2038	2040	2039
2045	1006030	2039	2039	2039
2046	1007015	2042	2041	2040
2047	1008000	2041	2041	2041
